{
  "type": "FeatureCollection",
  "features": [
    {
      "type": "Feature",
      "geometry": {
        "type": "LineString",
        "coordinates": [
          [
            -46.94835973694892,
            -23.17282355063116
          ],
          [
            -46.94711052520941,
            -23.17232113401558
          ],
          [
            -46.94604253754574,
            -23.17199759676665
          ],
          [
            -46.94446745364662,
            -23.17170830558562
          ],
          [
            -46.94288920026753,
            -23.17166860626601
          ],
          [
            -46.9411769054475,
            -23.1717959007392
          ],
          [
            -46.93958389902087,
            -23.17202916772283
          ],
          [
            -46.93772461302684,
            -23.17234137655953
          ],
          [
            -46.9359752745758,
            -23.17261816348247
          ],
          [
            -46.93370362742962,
            -23.17285227996346
          ],
          [
            -46.93127842788035,
            -23.1732017075849
          ],
          [
            -46.92893099191132,
            -23.17353783697215
          ],
          [
            -46.92770071516657,
            -23.17371158944616
          ],
          [
            -46.92731261634889,
            -23.17373054175828
          ],
          [
            -46.92698515503158,
            -23.17366663917822
          ],
          [
            -46.9265971769906,
            -23.17349858277812
          ],
          [
            -46.92589880895245,
            -23.17300784666138
          ],
          [
            -46.92526326932195,
            -23.17258651969037
          ],
          [
            -46.92470630719151,
            -23.17236430792073
          ],
          [
            -46.92412805186724,
            -23.172199281651
          ],
          [
            -46.92344056648794,
            -23.17196664952474
          ],
          [
            -46.92276653935613,
            -23.17142044837872
          ],
          [
            -46.92197183741572,
            -23.17049821000005
          ],
          [
            -46.92123551881598,
            -23.16993354376352
          ],
          [
            -46.91989405926774,
            -23.16931068692522
          ],
          [
            -46.91987204801309,
            -23.16931213426176
          ]
        ]
      },
      "properties": {
        "concessionaria": "AutoBAn",
        "rodovia": "SP-300",
        "nome": "Rodovia Dom Gabriel Paulino Bueno Couto",
        "nome_kmz": "SP 300",
        "descricao_kmz": "SP_300\nKm_62+100"
      }
    },
    {
      "type": "Feature",
      "geometry": {
        "type": "LineString",
        "coordinates": [
          [
            -46.72073341814981,
            -23.51069412529804
          ],
          [
            -46.7204296025965,
            -23.51023110774477
          ],
          [
            -46.72009597017018,
            -23.50937625962349
          ],
          [
            -46.72035538546412,
            -23.5082722825858
          ],
          [
            -46.72095071549941,
            -23.50741665875273
          ],
          [
            -46.72159086163404,
            -23.50683945696755
          ],
          [
            -46.72342524762699,
            -23.50490864404511
          ],
          [
            -46.72624493346945,
            -23.50181639282502
          ],
          [
            -46.72886706851085,
            -23.49863499237518
          ],
          [
            -46.73063692268508,
            -23.49592982313181
          ],
          [
            -46.73259958929723,
            -23.49322897039373
          ],
          [
            -46.73469034941326,
            -23.49086063469932
          ],
          [
            -46.73626717772781,
            -23.48899772295929
          ],
          [
            -46.73681978704443,
            -23.48812068803895
          ],
          [
            -46.73726573398085,
            -23.48696666978475
          ],
          [
            -46.73776907742219,
            -23.48329232260724
          ],
          [
            -46.73819683656223,
            -23.4808723841069
          ],
          [
            -46.73863024398477,
            -23.47961553330206
          ],
          [
            -46.73897609593593,
            -23.47899037972486
          ],
          [
            -46.73954384503904,
            -23.47825416993594
          ],
          [
            -46.74004539244567,
            -23.47764392001971
          ],
          [
            -46.74035526882951,
            -23.47735600978008
          ],
          [
            -46.74123078851843,
            -23.476741478623
          ],
          [
            -46.74251672086515,
            -23.47605252587241
          ],
          [
            -46.74441166177735,
            -23.47528417759012
          ],
          [
            -46.74582600018504,
            -23.47465830339632
          ],
          [
            -46.74657611248238,
            -23.474106350562
          ],
          [
            -46.74733596356799,
            -23.4733349903724
          ],
          [
            -46.74807187360684,
            -23.47225082382712
          ],
          [
            -46.74927507991227,
            -23.46956614044862
          ],
          [
            -46.75048487118848,
            -23.46665045562775
          ],
          [
            -46.75194791080509,
            -23.46311877404019
          ],
          [
            -46.75260925249005,
            -23.46026273360922
          ],
          [
            -46.75328237535578,
            -23.45718351963061
          ],
          [
            -46.75386576187057,
            -23.45430598391287
          ],
          [
            -46.75644341878021,
            -23.44203281369645
          ],
          [
            -46.75675607230652,
            -23.44115288871498
          ],
          [
            -46.75989116234311,
            -23.43487228734153
          ],
          [
            -46.76016341391199,
            -23.43394931183326
          ],
          [
            -46.76027532480517,
            -23.43298324081299
          ],
          [
            -46.76046819757803,
            -23.43013155930647
          ],
          [
            -46.76097577439696,
            -23.42314059576159
          ],
          [
            -46.76113947132241,
            -23.42254690366908
          ],
          [
            -46.76181513921011,
            -23.42134204209589
          ],
          [
            -46.76595219349666,
            -23.41405104488037
          ],
          [
            -46.76683497897833,
            -23.41180089098609
          ],
          [
            -46.76730180320204,
            -23.41021579407663
          ],
          [
            -46.76764622329294,
            -23.40763844322245
          ],
          [
            -46.76769973353041,
            -23.40401607807995
          ],
          [
            -46.76782742086434,
            -23.40019126403696
          ],
          [
            -46.76807154222816,
            -23.3976561017312
          ],
          [
            -46.76907246229366,
            -23.38930272212845
          ],
          [
            -46.7691301555559,
            -23.38770832979025
          ],
          [
            -46.76931152040566,
            -23.38346277009479
          ],
          [
            -46.76952739271633,
            -23.38228727467543
          ],
          [
            -46.76993347451802,
            -23.38117164006226
          ],
          [
            -46.77068997509448,
            -23.37994563138505
          ],
          [
            -46.77211466514408,
            -23.3784446407581
          ],
          [
            -46.77414439579539,
            -23.37678654960629
          ],
          [
            -46.77688734628825,
            -23.37451279612445
          ],
          [
            -46.77758756177676,
            -23.37385359445557
          ],
          [
            -46.77846056348139,
            -23.37265480499662
          ],
          [
            -46.77991963903576,
            -23.37026412511876
          ],
          [
            -46.78139528732657,
            -23.36779776355899
          ],
          [
            -46.78316257504354,
            -23.36486240077493
          ],
          [
            -46.78372356490932,
            -23.36367981003821
          ],
          [
            -46.78394544579529,
            -23.36280235210631
          ],
          [
            -46.7842158813847,
            -23.36154806478375
          ],
          [
            -46.78471162993062,
            -23.35985870154892
          ],
          [
            -46.7852518091195,
            -23.35892444550597
          ],
          [
            -46.78601035259071,
            -23.35810115533268
          ],
          [
            -46.78675911110474,
            -23.35748012757337
          ],
          [
            -46.78787123306103,
            -23.35690776209341
          ],
          [
            -46.78982547748131,
            -23.35643038019809
          ],
          [
            -46.7912006958254,
            -23.35602538329511
          ],
          [
            -46.79213254014305,
            -23.35557317016858
          ],
          [
            -46.79285965293851,
            -23.35512151998657
          ],
          [
            -46.79359699784901,
            -23.3544698338903
          ],
          [
            -46.79560562517279,
            -23.35292146439755
          ],
          [
            -46.7967973686947,
            -23.3521660965008
          ],
          [
            -46.79806234334907,
            -23.35169818621417
          ],
          [
            -46.79957354486943,
            -23.35129715048651
          ],
          [
            -46.80149385498154,
            -23.35106187179894
          ],
          [
            -46.80539768067225,
            -23.35057628121386
          ],
          [
            -46.80692464479302,
            -23.35040898796583
          ],
          [
            -46.80767528917341,
            -23.35023185720139
          ],
          [
            -46.80877851852911,
            -23.34988456060189
          ],
          [
            -46.81020667598425,
            -23.34926006041322
          ],
          [
            -46.8112521152159,
            -23.34855830284489
          ],
          [
            -46.81657975535275,
            -23.34341588448454
          ],
          [
            -46.81966010452781,
            -23.34054333302742
          ],
          [
            -46.82068253994665,
            -23.33933759521704
          ],
          [
            -46.82196182047325,
            -23.33722269549565
          ],
          [
            -46.82270654688327,
            -23.33503831888286
          ],
          [
            -46.82310495500854,
            -23.33287919808242
          ],
          [
            -46.82310461268351,
            -23.32992318424045
          ],
          [
            -46.82322878224267,
            -23.3263454103012
          ],
          [
            -46.82336638679314,
            -23.32028086085057
          ],
          [
            -46.82346707906514,
            -23.31637100184385
          ],
          [
            -46.82357546475741,
            -23.31558008006499
          ],
          [
            -46.82407804326089,
            -23.31467410425904
          ],
          [
            -46.82500135258811,
            -23.31342090520853
          ],
          [
            -46.82613652406091,
            -23.31245801833226
          ],
          [
            -46.82851541931124,
            -23.31145881053456
          ],
          [
            -46.83248560334461,
            -23.31003220242017
          ],
          [
            -46.83352970166345,
            -23.30947722178697
          ],
          [
            -46.83482704017433,
            -23.30859479297051
          ],
          [
            -46.83639188506616,
            -23.30703283710647
          ],
          [
            -46.83941937450664,
            -23.30385805462809
          ],
          [
            -46.84021129258462,
            -23.30276916472187
          ],
          [
            -46.84049851095461,
            -23.30203150590258
          ],
          [
            -46.84080018558168,
            -23.30113698247027
          ],
          [
            -46.84100187794423,
            -23.29967195747863
          ],
          [
            -46.8413737770454,
            -23.29664829852977
          ],
          [
            -46.84175475795399,
            -23.29518402706424
          ],
          [
            -46.84219155669668,
            -23.29434922723389
          ],
          [
            -46.84292211932631,
            -23.29350327101974
          ],
          [
            -46.84434477816572,
            -23.29223199204569
          ],
          [
            -46.84635158152318,
            -23.29058098230351
          ],
          [
            -46.84678486257457,
            -23.28994343453012
          ],
          [
            -46.84726441306248,
            -23.28906650569331
          ],
          [
            -46.8476379283086,
            -23.28741963216898
          ],
          [
            -46.84803897805492,
            -23.28451364978435
          ],
          [
            -46.84827514221156,
            -23.28212897119784
          ],
          [
            -46.84865033844751,
            -23.27911152283445
          ],
          [
            -46.84931292777419,
            -23.27719491461098
          ],
          [
            -46.84992165538544,
            -23.27641903685203
          ],
          [
            -46.85093762465696,
            -23.27553062009502
          ],
          [
            -46.85270288632453,
            -23.27400813455959
          ],
          [
            -46.85414524050802,
            -23.27289241939997
          ],
          [
            -46.85504335790612,
            -23.27201811993763
          ],
          [
            -46.85637297193063,
            -23.2703046404699
          ],
          [
            -46.85754791081821,
            -23.26863424971805
          ],
          [
            -46.85839518833718,
            -23.26768912974758
          ],
          [
            -46.85945337911848,
            -23.26679703557292
          ],
          [
            -46.86153947272637,
            -23.26541165598456
          ],
          [
            -46.86441977704974,
            -23.26355515056343
          ],
          [
            -46.86586091476573,
            -23.26254726647442
          ],
          [
            -46.86683797854375,
            -23.26165966218032
          ],
          [
            -46.8675429876813,
            -23.2605385775009
          ],
          [
            -46.86837767779824,
            -23.25865377308385
          ],
          [
            -46.86919365873746,
            -23.25651518527729
          ],
          [
            -46.86962836352524,
            -23.25551682824122
          ],
          [
            -46.87012369835455,
            -23.25469203359255
          ],
          [
            -46.87073603057922,
            -23.25400364084975
          ],
          [
            -46.87228550000254,
            -23.25267712134693
          ],
          [
            -46.87563408767799,
            -23.25001459994675
          ],
          [
            -46.87712610776831,
            -23.24877790899186
          ],
          [
            -46.87856569282855,
            -23.24758740607864
          ],
          [
            -46.87996452250183,
            -23.24603158016865
          ],
          [
            -46.88145598712869,
            -23.24407241152073
          ],
          [
            -46.88307072491901,
            -23.24219501572957
          ],
          [
            -46.88567203125368,
            -23.23989509648611
          ],
          [
            -46.889365712402,
            -23.23671274945259
          ],
          [
            -46.89322577739415,
            -23.23353780688797
          ],
          [
            -46.89691000523135,
            -23.2308067879077
          ],
          [
            -46.9007565983427,
            -23.22792741937246
          ],
          [
            -46.90500228064685,
            -23.2247530543706
          ],
          [
            -46.9101559931224,
            -23.22086971313968
          ],
          [
            -46.91372792506975,
            -23.21826795279954
          ],
          [
            -46.9182225401842,
            -23.2148592518352
          ],
          [
            -46.92041233395589,
            -23.21309378285646
          ],
          [
            -46.92152194358776,
            -23.21211645815688
          ],
          [
            -46.92280897571554,
            -23.2107234138281
          ],
          [
            -46.92431566816428,
            -23.20876694264622
          ],
          [
            -46.92562345927675,
            -23.20659215345271
          ],
          [
            -46.92635459244367,
            -23.20507762458252
          ],
          [
            -46.92799165185965,
            -23.20024957680506
          ],
          [
            -46.93118207726831,
            -23.1909762820739
          ],
          [
            -46.93297392634692,
            -23.18542989443232
          ],
          [
            -46.93548506149565,
            -23.17818183180998
          ],
          [
            -46.93640469807158,
            -23.17577691836409
          ],
          [
            -46.93735472860634,
            -23.1737724994013
          ],
          [
            -46.93914128180741,
            -23.17087036699453
          ],
          [
            -46.9407889348525,
            -23.16881741939481
          ],
          [
            -46.94359327837313,
            -23.16598231505441
          ],
          [
            -46.94674356237595,
            -23.16324043846392
          ],
          [
            -46.95143843100394,
            -23.15895300569927
          ],
          [
            -46.95601988038652,
            -23.15457843944258
          ],
          [
            -46.9583241375948,
            -23.15202418676349
          ],
          [
            -46.96135154915885,
            -23.1487159598917
          ],
          [
            -46.96252380802221,
            -23.14774765434287
          ],
          [
            -46.96423110638312,
            -23.14639109941698
          ],
          [
            -46.96582085047168,
            -23.14542180348462
          ],
          [
            -46.96832983426629,
            -23.14400065719482
          ],
          [
            -46.97336649078786,
            -23.14126069466568
          ],
          [
            -46.97554949033437,
            -23.14003939515918
          ],
          [
            -46.97673021348654,
            -23.13886457930801
          ],
          [
            -46.97777322264818,
            -23.13751099282392
          ],
          [
            -46.97908449491079,
            -23.13433334457644
          ],
          [
            -46.9801841267107,
            -23.1310063171539
          ],
          [
            -46.98070668764808,
            -23.12973758663578
          ],
          [
            -46.9812355616379,
            -23.12890723831392
          ],
          [
            -46.98185364976192,
            -23.12810789263418
          ],
          [
            -46.98293670577187,
            -23.12712245016848
          ],
          [
            -46.9851303510315,
            -23.12522127226936
          ],
          [
            -46.99516591088094,
            -23.11638423461316
          ],
          [
            -46.99657664415197,
            -23.11531221957233
          ],
          [
            -46.99800326224243,
            -23.11439394264516
          ],
          [
            -47.00035115560834,
            -23.11307579113662
          ],
          [
            -47.00223978928418,
            -23.11205873568878
          ],
          [
            -47.00337742004691,
            -23.11126184783449
          ],
          [
            -47.00411065583598,
            -23.11057505821945
          ],
          [
            -47.00719529082439,
            -23.10698355472819
          ],
          [
            -47.0153982150608,
            -23.09692072258871
          ],
          [
            -47.01620731773262,
            -23.09551576928666
          ],
          [
            -47.0171829875598,
            -23.09278390795352
          ],
          [
            -47.01811469420614,
            -23.08958824147498
          ],
          [
            -47.01859149312461,
            -23.08856708330661
          ],
          [
            -47.02118185964875,
            -23.08538598310467
          ],
          [
            -47.02267179100387,
            -23.08367686925517
          ],
          [
            -47.02421470422477,
            -23.08159318448241
          ],
          [
            -47.02427924542171,
            -23.0814914283138
          ],
          [
            -47.02575317541066,
            -23.07895096727032
          ],
          [
            -47.02584607540975,
            -23.07877438505708
          ],
          [
            -47.02590112105473,
            -23.07868582184002
          ],
          [
            -47.0297668168258,
            -23.07187887508525
          ],
          [
            -47.03088956272254,
            -23.07016978130365
          ],
          [
            -47.03245648887071,
            -23.06860173571179
          ],
          [
            -47.04075173493533,
            -23.06086533370202
          ],
          [
            -47.04891574147033,
            -23.0533471558827
          ],
          [
            -47.05579612155194,
            -23.04735559790406
          ],
          [
            -47.06052569712499,
            -23.04347061631664
          ],
          [
            -47.06209215228428,
            -23.04231882512322
          ],
          [
            -47.06472392016236,
            -23.04078423177707
          ],
          [
            -47.06742501867799,
            -23.0394327140401
          ],
          [
            -47.06825980242962,
            -23.03864095313765
          ],
          [
            -47.06906420051574,
            -23.03787771345673
          ],
          [
            -47.06971359397874,
            -23.03701470187907
          ],
          [
            -47.07032914684803,
            -23.03583239474939
          ],
          [
            -47.07541117165682,
            -23.02566965707641
          ],
          [
            -47.07668684387816,
            -23.02296422271487
          ],
          [
            -47.07743833793175,
            -23.02189009729419
          ],
          [
            -47.08174025315598,
            -23.01714661917327
          ],
          [
            -47.08402086380715,
            -23.01485082267089
          ],
          [
            -47.08745814821503,
            -23.01214666836713
          ],
          [
            -47.09431515686056,
            -23.00750289422185
          ],
          [
            -47.09555501420936,
            -23.00630568942204
          ],
          [
            -47.09805724925998,
            -23.00345496645382
          ],
          [
            -47.10323758888786,
            -22.99744845770484
          ],
          [
            -47.10442972307213,
            -22.99625478178605
          ],
          [
            -47.10737994107398,
            -22.99421013155409
          ],
          [
            -47.10984141648274,
            -22.992352002792
          ],
          [
            -47.11064626942078,
            -22.99152058627085
          ],
          [
            -47.11122417063847,
            -22.9904022533015
          ],
          [
            -47.11139543758188,
            -22.98817332395812
          ],
          [
            -47.11159681981643,
            -22.98173519674079
          ],
          [
            -47.1117914183452,
            -22.97939677259836
          ],
          [
            -47.11221186715714,
            -22.97778874688442
          ],
          [
            -47.11327597727614,
            -22.97578188778987
          ],
          [
            -47.11721448996101,
            -22.96911771812863
          ],
          [
            -47.12327127142994,
            -22.96155191889676
          ],
          [
            -47.12444179039341,
            -22.95999012889397
          ],
          [
            -47.12517018714502,
            -22.95866850415252
          ],
          [
            -47.12547574379493,
            -22.95746692875018
          ],
          [
            -47.12567095586282,
            -22.95523458937114
          ],
          [
            -47.12593622889681,
            -22.94264570451561
          ],
          [
            -47.12622539476693,
            -22.93955784646249
          ],
          [
            -47.12685915074025,
            -22.93672604250254
          ],
          [
            -47.12840878197612,
            -22.93093458359681
          ],
          [
            -47.13004361672539,
            -22.92538262620572
          ],
          [
            -47.13142036497328,
            -22.9230245935653
          ],
          [
            -47.13320436666085,
            -22.92177582662323
          ],
          [
            -47.13432275131868,
            -22.92115637064384
          ],
          [
            -47.13544977828204,
            -22.9208053000685
          ],
          [
            -47.13715713793986,
            -22.92055428250363
          ],
          [
            -47.13827686353476,
            -22.92069515064039
          ],
          [
            -47.14029449670645,
            -22.92103175061056
          ],
          [
            -47.14361232835165,
            -22.92136496764406
          ],
          [
            -47.14514457377875,
            -22.92121273617328
          ],
          [
            -47.14699771769403,
            -22.9207568772699
          ],
          [
            -47.1489192716782,
            -22.91979863983793
          ],
          [
            -47.15187543602121,
            -22.91822922733258
          ],
          [
            -47.15614097565253,
            -22.9158844620104
          ],
          [
            -47.15951754649731,
            -22.91407350069024
          ],
          [
            -47.16329367186424,
            -22.91215617823737
          ],
          [
            -47.16444588303278,
            -22.91167752367253
          ],
          [
            -47.16622992488589,
            -22.91118002582763
          ],
          [
            -47.16803796607092,
            -22.91084062742241
          ],
          [
            -47.16998502331272,
            -22.91072702456961
          ],
          [
            -47.17149570663285,
            -22.91080053047961
          ],
          [
            -47.17360887457039,
            -22.91104672357918
          ],
          [
            -47.17920912798132,
            -22.91189675808314
          ],
          [
            -47.18367542109849,
            -22.91254703092278
          ],
          [
            -47.18568936306698,
            -22.91269614289451
          ],
          [
            -47.1885854369353,
            -22.9125123292182
          ],
          [
            -47.19023224452597,
            -22.91211061209424
          ],
          [
            -47.19204030830382,
            -22.91153396186369
          ],
          [
            -47.19400467179138,
            -22.91056229252133
          ],
          [
            -47.19656405367242,
            -22.90895719531744
          ],
          [
            -47.19984277465289,
            -22.90661859248177
          ],
          [
            -47.20374919260725,
            -22.90385137330278
          ],
          [
            -47.20710987779179,
            -22.90157271628514
          ],
          [
            -47.2091340045214,
            -22.90035297344465
          ],
          [
            -47.21027748677481,
            -22.89990314518836
          ],
          [
            -47.2147301655001,
            -22.8985729726976
          ],
          [
            -47.21921750187676,
            -22.89754155639902
          ],
          [
            -47.22297326713451,
            -22.89654819451633
          ],
          [
            -47.22436128904884,
            -22.89610284257374
          ],
          [
            -47.22551418878474,
            -22.89544262396885
          ],
          [
            -47.22656014002292,
            -22.89442057538676
          ],
          [
            -47.22745967091513,
            -22.89312967342174
          ],
          [
            -47.22796595052774,
            -22.89210626332669
          ],
          [
            -47.22880787680605,
            -22.88901139537559
          ],
          [
            -47.22951170771424,
            -22.88676243488582
          ],
          [
            -47.2301525902609,
            -22.88567459142137
          ],
          [
            -47.23090637453689,
            -22.88481647501161
          ],
          [
            -47.23171556475506,
            -22.8841987661471
          ],
          [
            -47.2325558224645,
            -22.88368714561653
          ],
          [
            -47.23418220322426,
            -22.88308151336999
          ],
          [
            -47.23996175257918,
            -22.88201606885857
          ],
          [
            -47.24342287149579,
            -22.88139127099164
          ],
          [
            -47.24531715792033,
            -22.88079956171874
          ],
          [
            -47.2470336637066,
            -22.87993291169148
          ],
          [
            -47.24881331576393,
            -22.87864767649894
          ],
          [
            -47.25089134670178,
            -22.87685776408617
          ],
          [
            -47.25434060633403,
            -22.87391903052263
          ],
          [
            -47.25553313558567,
            -22.8732841191596
          ],
          [
            -47.256991476164,
            -22.87259718428819
          ],
          [
            -47.25911437290336,
            -22.87205663058969
          ],
          [
            -47.26187744874859,
            -22.87185904794429
          ],
          [
            -47.2660534380574,
            -22.87177258437962
          ],
          [
            -47.2701460274383,
            -22.87157004660637
          ],
          [
            -47.27233677129553,
            -22.87140084926261
          ],
          [
            -47.27393438540533,
            -22.87093016121934
          ],
          [
            -47.27509393804759,
            -22.87048488090377
          ],
          [
            -47.27587782227558,
            -22.8701468310213
          ],
          [
            -47.27742641017863,
            -22.86922112964765
          ],
          [
            -47.28032646538362,
            -22.8667252879616
          ],
          [
            -47.28233926759258,
            -22.86499713711098
          ],
          [
            -47.28595274808599,
            -22.86198042532834
          ],
          [
            -47.28686700314451,
            -22.86125124281145
          ],
          [
            -47.28772557617857,
            -22.86072642400523
          ],
          [
            -47.28851749112339,
            -22.86036635789513
          ],
          [
            -47.29079395556698,
            -22.85957575103158
          ],
          [
            -47.29654475754017,
            -22.85828385527793
          ],
          [
            -47.30260395435412,
            -22.85697319228083
          ],
          [
            -47.30788671717765,
            -22.85585662608459
          ],
          [
            -47.31436798838396,
            -22.85449880478781
          ],
          [
            -47.31865310341452,
            -22.85356829392083
          ],
          [
            -47.3221250826844,
            -22.85281875396922
          ],
          [
            -47.32360594336625,
            -22.85228510771471
          ],
          [
            -47.32576050519111,
            -22.85121890172302
          ],
          [
            -47.32806382879471,
            -22.84985829442049
          ],
          [
            -47.3351268180979,
            -22.84581109517804
          ],
          [
            -47.34095542782755,
            -22.84255728031702
          ],
          [
            -47.34624943629261,
            -22.83955350442777
          ],
          [
            -47.35385775063291,
            -22.83530456535074
          ],
          [
            -47.35894583299495,
            -22.83240235579861
          ],
          [
            -47.36372419631898,
            -22.82983498604631
          ],
          [
            -47.36824063769895,
            -22.82726656060175
          ],
          [
            -47.37395381813393,
            -22.82415591326902
          ],
          [
            -47.37648706966514,
            -22.82266378145547
          ],
          [
            -47.37748914037003,
            -22.82199883790713
          ],
          [
            -47.37932357927175,
            -22.82051354872118
          ],
          [
            -47.38195568892289,
            -22.81796433897836
          ],
          [
            -47.3881923652612,
            -22.81208798148755
          ],
          [
            -47.39315963647989,
            -22.80744907786771
          ],
          [
            -47.39634529219514,
            -22.80438372140561
          ],
          [
            -47.39778111598907,
            -22.80326890280012
          ],
          [
            -47.39916348441407,
            -22.80225405399186
          ],
          [
            -47.40137065806354,
            -22.80092498121568
          ],
          [
            -47.40332431604654,
            -22.79980511959536
          ],
          [
            -47.40603341493308,
            -22.79825134954513
          ],
          [
            -47.40877054589659,
            -22.79664953299838
          ],
          [
            -47.41156572907682,
            -22.7947258947081
          ],
          [
            -47.41582938933928,
            -22.79202710906609
          ],
          [
            -47.42029228473582,
            -22.78960518081309
          ],
          [
            -47.42600352062676,
            -22.78656201434719
          ],
          [
            -47.43199400911237,
            -22.78320834556574
          ],
          [
            -47.43680976151249,
            -22.78039981281212
          ],
          [
            -47.43990202234423,
            -22.77866138846482
          ],
          [
            -47.44261467087381,
            -22.77692631027886
          ],
          [
            -47.44412043640531,
            -22.77552312803519
          ],
          [
            -47.44523892878336,
            -22.77395478536597
          ],
          [
            -47.44578422474865,
            -22.77214611876325
          ],
          [
            -47.44582108155179,
            -22.77041992641372
          ],
          [
            -47.44574993616198,
            -22.76776761471174
          ],
          [
            -47.44558965008545,
            -22.76202818431884
          ],
          [
            -47.44534655605832,
            -22.7564689989536
          ],
          [
            -47.44512722489657,
            -22.75120315726708
          ],
          [
            -47.44523025139628,
            -22.74943248677212
          ],
          [
            -47.44554507808755,
            -22.74837277859966
          ],
          [
            -47.446327661096,
            -22.74643604909562
          ],
          [
            -47.44724761341975,
            -22.74493139691295
          ],
          [
            -47.44851609575403,
            -22.7435206510308
          ],
          [
            -47.45163438166329,
            -22.74083822545047
          ],
          [
            -47.45720767510478,
            -22.73615607964474
          ],
          [
            -47.46038343428474,
            -22.73361750217877
          ],
          [
            -47.46149923802737,
            -22.73236094227888
          ],
          [
            -47.46238579699869,
            -22.73120689573975
          ],
          [
            -47.4629589053007,
            -22.73025185731542
          ],
          [
            -47.46340864409349,
            -22.7289485984484
          ],
          [
            -47.46383898786485,
            -22.72715456203528
          ],
          [
            -47.46394884357115,
            -22.72571574071685
          ],
          [
            -47.46371458591063,
            -22.72372530168881
          ],
          [
            -47.46329086772553,
            -22.72226625345526
          ],
          [
            -47.46230452656801,
            -22.71982927799795
          ],
          [
            -47.45974554836235,
            -22.71327929389781
          ],
          [
            -47.45606686405158,
            -22.70377665887438
          ],
          [
            -47.45226187933365,
            -22.69415460343127
          ],
          [
            -47.45150021055819,
            -22.69296478666457
          ],
          [
            -47.45046636913947,
            -22.69168226712137
          ],
          [
            -47.44946223190183,
            -22.69076021279963
          ],
          [
            -47.44400792238857,
            -22.68687745911182
          ],
          [
            -47.44304314013766,
            -22.68613054904825
          ],
          [
            -47.44238746188802,
            -22.6852302601208
          ],
          [
            -47.44200581291251,
            -22.68451000329082
          ],
          [
            -47.44148803682707,
            -22.68294157065326
          ],
          [
            -47.44133363969704,
            -22.68134459711074
          ],
          [
            -47.4416834964366,
            -22.67963221752496
          ],
          [
            -47.44621601027339,
            -22.6707617721928
          ],
          [
            -47.44822940036897,
            -22.66669941352288
          ],
          [
            -47.44877323974212,
            -22.66527265044548
          ],
          [
            -47.44912681762821,
            -22.66387045294633
          ],
          [
            -47.4495187136625,
            -22.6537614787453
          ],
          [
            -47.44955443981625,
            -22.64836863161346
          ],
          [
            -47.44978675545874,
            -22.64675591096996
          ],
          [
            -47.45054784715608,
            -22.64442656124215
          ],
          [
            -47.45541802995244,
            -22.63250525242756
          ],
          [
            -47.45798065907622,
            -22.62622780941956
          ],
          [
            -47.46007450876413,
            -22.62111304824536
          ],
          [
            -47.46046805448643,
            -22.62004678301543
          ],
          [
            -47.46064114892423,
            -22.61893293478871
          ],
          [
            -47.4608960592587,
            -22.61768673598271
          ],
          [
            -47.46096157593243,
            -22.61693056862457
          ],
          [
            -47.46104471580212,
            -22.61592438029869
          ],
          [
            -47.46098838916004,
            -22.61415643130671
          ],
          [
            -47.46059948123856,
            -22.61130422684915
          ],
          [
            -47.46011892657724,
            -22.60947250897782
          ],
          [
            -47.45905164848822,
            -22.60685264317085
          ],
          [
            -47.45680234113175,
            -22.60226232308543
          ],
          [
            -47.45510102467383,
            -22.59817524195964
          ],
          [
            -47.45467628227314,
            -22.59669192830046
          ],
          [
            -47.45458179001186,
            -22.59562045519002
          ],
          [
            -47.4545362463146,
            -22.59427730225415
          ],
          [
            -47.45476193454488,
            -22.59260764777527
          ],
          [
            -47.45564358684307,
            -22.59018181306844
          ],
          [
            -47.45739349213122,
            -22.58622631866198
          ],
          [
            -47.45892728385911,
            -22.58217458993616
          ],
          [
            -47.45941149710219,
            -22.58072453408667
          ],
          [
            -47.45965643632248,
            -22.57980751215571
          ],
          [
            -47.45972916724281,
            -22.57904402274775
          ],
          [
            -47.45953292339509,
            -22.57765972767699
          ],
          [
            -47.45901727249329,
            -22.57603505820865
          ],
          [
            -47.45789057897577,
            -22.57291652739908
          ],
          [
            -47.45725630628515,
            -22.57053650886906
          ],
          [
            -47.45710575273292,
            -22.56920787977755
          ],
          [
            -47.45726526231464,
            -22.56762543720136
          ],
          [
            -47.46026010928326,
            -22.55613780593206
          ],
          [
            -47.46192480248467,
            -22.5500654550737
          ],
          [
            -47.46216590221785,
            -22.54864217946672
          ],
          [
            -47.46231197044146,
            -22.54746780677695
          ],
          [
            -47.46210800020044,
            -22.54597685671934
          ],
          [
            -47.46166517583329,
            -22.54473305302273
          ],
          [
            -47.46102882154045,
            -22.54355638649476
          ],
          [
            -47.45987425025112,
            -22.54219708392219
          ],
          [
            -47.45787030632454,
            -22.54060606514622
          ],
          [
            -47.45574332804956,
            -22.53971033198033
          ],
          [
            -47.45308203581128,
            -22.53854704367452
          ],
          [
            -47.45142040133379,
            -22.53750839802736
          ],
          [
            -47.45012659189285,
            -22.53641298786507
          ],
          [
            -47.44879209336995,
            -22.53481407242153
          ],
          [
            -47.44859284664279,
            -22.53459448402652
          ],
          [
            -47.44583418297545,
            -22.53068278371026
          ],
          [
            -47.44506782524509,
            -22.52992321586216
          ],
          [
            -47.44364552809695,
            -22.52892732230104
          ],
          [
            -47.44225882092762,
            -22.52822011674837
          ],
          [
            -47.43885485617918,
            -22.52663975695257
          ],
          [
            -47.43660293082961,
            -22.525611996872
          ],
          [
            -47.43515929260138,
            -22.52461134762925
          ],
          [
            -47.43380471184432,
            -22.52322345383212
          ],
          [
            -47.43253332748098,
            -22.52138007554571
          ],
          [
            -47.43176171705836,
            -22.5196697800624
          ],
          [
            -47.43113842287962,
            -22.51698356256343
          ],
          [
            -47.42884780498709,
            -22.50025737749147
          ],
          [
            -47.42847865040777,
            -22.49775279965936
          ],
          [
            -47.42761847398063,
            -22.49476095333589
          ],
          [
            -47.427024279154,
            -22.49354686794497
          ],
          [
            -47.42525642528324,
            -22.49149903812857
          ],
          [
            -47.42322962126207,
            -22.48992824950495
          ],
          [
            -47.42139033232291,
            -22.48903428867034
          ],
          [
            -47.41905802047902,
            -22.48840595314374
          ],
          [
            -47.40625208414394,
            -22.48558365872359
          ],
          [
            -47.40382947357768,
            -22.48500834821687
          ],
          [
            -47.40277037971995,
            -22.48470938982947
          ],
          [
            -47.40180014124811,
            -22.48410507250377
          ],
          [
            -47.400506925662,
            -22.48290844080746
          ],
          [
            -47.3997138080005,
            -22.48169080288473
          ],
          [
            -47.39933156064336,
            -22.47996923608332
          ],
          [
            -47.39917408145482,
            -22.47787992669874
          ],
          [
            -47.39912621122142,
            -22.47477605683089
          ],
          [
            -47.39907576285483,
            -22.47127835014868
          ],
          [
            -47.39903607038069,
            -22.46966543958002
          ],
          [
            -47.39904286303299,
            -22.46672098893023
          ],
          [
            -47.39901066554296,
            -22.46336284080626
          ],
          [
            -47.39904327858776,
            -22.46208333444
          ],
          [
            -47.3990366790087,
            -22.46098942100697
          ],
          [
            -47.39900719953709,
            -22.4587221306781
          ],
          [
            -47.3989901029016,
            -22.45596325404139
          ]
        ]
      },
      "properties": {
        "concessionaria": "AutoBAn",
        "rodovia": "SP-348",
        "nome": "Rodovia dos Bandeirantes",
        "nome_kmz": "SP 348",
        "descricao_kmz": "SP_348\nkm_13+360"
      }
    },
    {
      "type": "Feature",
      "geometry": {
        "type": "LineString",
        "coordinates": [
          [
            -47.13002773371625,
            -22.92464248284129
          ],
          [
            -47.1308836131746,
            -22.92337091416447
          ],
          [
            -47.13177983187349,
            -22.92221798351308
          ],
          [
            -47.13290106836447,
            -22.92093412419425
          ],
          [
            -47.13367934275478,
            -22.91975172612614
          ],
          [
            -47.13460345639599,
            -22.91732773035968
          ],
          [
            -47.13569261969269,
            -22.91373744666987
          ],
          [
            -47.13657575204856,
            -22.91037346153278
          ],
          [
            -47.13679266839711,
            -22.90817595698951
          ],
          [
            -47.13669195960671,
            -22.90511189324245
          ],
          [
            -47.13681967289681,
            -22.90092389146317
          ],
          [
            -47.13629791150231,
            -22.89739779358296
          ],
          [
            -47.13554237629595,
            -22.89536361868172
          ],
          [
            -47.1329206248699,
            -22.88955120057652
          ],
          [
            -47.13168357401644,
            -22.8864856951902
          ],
          [
            -47.13078604406627,
            -22.88344134809328
          ],
          [
            -47.13064143301858,
            -22.88125549287414
          ],
          [
            -47.13082323595514,
            -22.87868811333087
          ],
          [
            -47.13157606878415,
            -22.87193669697868
          ],
          [
            -47.13199057156624,
            -22.86904144436406
          ],
          [
            -47.13272966969475,
            -22.86731451667804
          ],
          [
            -47.13402077155607,
            -22.8657314990645
          ],
          [
            -47.1358767592647,
            -22.86426927831424
          ],
          [
            -47.1368070949401,
            -22.8637145314469
          ]
        ]
      },
      "properties": {
        "concessionaria": "AutoBAn",
        "rodovia": "SPI-102/330",
        "nome": "Rodovia Adalberto Panzan",
        "nome_kmz": "SPI 102/330",
        "descricao_kmz": "SPI_102/330\nkm inicial: 0\nKmfinal:7+540"
      }
    },
    {
      "type": "Feature",
      "geometry": {
        "type": "LineString",
        "coordinates": [
          [
            -46.72561375531586,
            -23.51703944328359
          ],
          [
            -46.72600519379696,
            -23.51551366614576
          ],
          [
            -46.726053077667,
            -23.51429667800438
          ],
          [
            -46.726053077667,
            -23.51429667800438
          ],
          [
            -46.726053077667,
            -23.51429667800438
          ],
          [
            -46.726053077667,
            -23.51429667800438
          ],
          [
            -46.726053077667,
            -23.51429667800438
          ],
          [
            -46.726053077667,
            -23.51429667800438
          ],
          [
            -46.72598175034021,
            -23.51530715200012
          ],
          [
            -46.72597735017412,
            -23.51501979396297
          ],
          [
            -46.72600269010464,
            -23.51491081240987
          ],
          [
            -46.72623167154575,
            -23.51362595337491
          ],
          [
            -46.72656471761507,
            -23.51287999805514
          ],
          [
            -46.72693642140678,
            -23.51209448469227
          ],
          [
            -46.72737360569521,
            -23.51130537671787
          ],
          [
            -46.7277614969413,
            -23.51090238121251
          ],
          [
            -46.72950591067468,
            -23.50962036346234
          ],
          [
            -46.7303458493225,
            -23.50922008313835
          ],
          [
            -46.73170470448335,
            -23.50874898665419
          ],
          [
            -46.73201924074652,
            -23.50869679710649
          ],
          [
            -46.7331350851901,
            -23.50847356745011
          ],
          [
            -46.73464722409638,
            -23.50833094339686
          ],
          [
            -46.73611274291099,
            -23.508269503114
          ],
          [
            -46.73768721103479,
            -23.50814436921515
          ],
          [
            -46.73834020499657,
            -23.50807021668763
          ],
          [
            -46.73938792216273,
            -23.50792679276623
          ],
          [
            -46.74057259631041,
            -23.5078480707812
          ],
          [
            -46.74183116039982,
            -23.50774439193236
          ],
          [
            -46.74324895835528,
            -23.50767481841492
          ],
          [
            -46.74423707221801,
            -23.50757769387405
          ],
          [
            -46.74563535075075,
            -23.50750690995238
          ],
          [
            -46.7462803301061,
            -23.50741897740154
          ],
          [
            -46.74715782437916,
            -23.50736670765138
          ],
          [
            -46.74812812996989,
            -23.50728428362483
          ],
          [
            -46.74903116215691,
            -23.50702718902039
          ],
          [
            -46.74961504272915,
            -23.50695681086033
          ],
          [
            -46.75023996043906,
            -23.50681745790935
          ],
          [
            -46.75088465311322,
            -23.50649810451027
          ],
          [
            -46.75199085884935,
            -23.50555772399408
          ],
          [
            -46.75274865762972,
            -23.5045829158145
          ],
          [
            -46.7538026210692,
            -23.50322420384171
          ],
          [
            -46.75439775100573,
            -23.50193838031758
          ],
          [
            -46.75454396915738,
            -23.50111122591979
          ],
          [
            -46.75462538877035,
            -23.49951596679726
          ],
          [
            -46.75468955359738,
            -23.49725773511339
          ],
          [
            -46.75486742599264,
            -23.49636694253461
          ],
          [
            -46.75513503056444,
            -23.49574805862916
          ],
          [
            -46.75547542065402,
            -23.4953100798873
          ],
          [
            -46.75618800003006,
            -23.49465250405408
          ],
          [
            -46.75685779162082,
            -23.49436410179238
          ],
          [
            -46.75747626549143,
            -23.49407453722309
          ],
          [
            -46.75820106530971,
            -23.49400293114397
          ],
          [
            -46.75931236987824,
            -23.49402541619534
          ],
          [
            -46.76010661024142,
            -23.49408814046451
          ],
          [
            -46.76070054681358,
            -23.4941804563821
          ],
          [
            -46.76184681928466,
            -23.49424792604856
          ],
          [
            -46.76291760331362,
            -23.49421836654847
          ],
          [
            -46.76361284517763,
            -23.49400507287198
          ],
          [
            -46.76429441388282,
            -23.49361010475302
          ],
          [
            -46.764948881301,
            -23.49323121334591
          ],
          [
            -46.76546098568022,
            -23.49278857705499
          ],
          [
            -46.76604664594032,
            -23.49220911933874
          ],
          [
            -46.76672604658657,
            -23.49080603416652
          ],
          [
            -46.76725343443159,
            -23.48917921509448
          ],
          [
            -46.76792801431364,
            -23.48734790282683
          ],
          [
            -46.76863440299992,
            -23.4860768861876
          ],
          [
            -46.76994318798265,
            -23.48447726462927
          ],
          [
            -46.77060885160955,
            -23.48283550287264
          ],
          [
            -46.77073617739007,
            -23.48198049611933
          ],
          [
            -46.77072340775725,
            -23.47979186568321
          ],
          [
            -46.77046492766009,
            -23.47837528037215
          ],
          [
            -46.77022682584018,
            -23.47686716964516
          ],
          [
            -46.77026740040181,
            -23.47638853964026
          ],
          [
            -46.77048030178581,
            -23.47572694232303
          ],
          [
            -46.77103307264618,
            -23.47481688962286
          ],
          [
            -46.7713607166642,
            -23.47445216753389
          ],
          [
            -46.7723889410056,
            -23.47391129792999
          ],
          [
            -46.77350220907732,
            -23.47347656176373
          ],
          [
            -46.77492776528501,
            -23.47289531569769
          ],
          [
            -46.77606670693086,
            -23.47245667943178
          ],
          [
            -46.77712721955334,
            -23.47197551538542
          ],
          [
            -46.77818879370185,
            -23.4713388809447
          ],
          [
            -46.7788342560264,
            -23.47061567660407
          ],
          [
            -46.77901780995174,
            -23.46995006382021
          ],
          [
            -46.7790586355229,
            -23.46949354103017
          ],
          [
            -46.77891555286392,
            -23.4688541547654
          ],
          [
            -46.7787379932804,
            -23.46848113776537
          ],
          [
            -46.77842936768762,
            -23.46770504560791
          ],
          [
            -46.77797952614846,
            -23.46663110545433
          ],
          [
            -46.77780528992749,
            -23.465941178817
          ],
          [
            -46.77785422592045,
            -23.46551303436695
          ],
          [
            -46.77810478144162,
            -23.46482825481412
          ],
          [
            -46.77851321121416,
            -23.46415947295
          ],
          [
            -46.7791488945746,
            -23.46344219021441
          ],
          [
            -46.77978073486844,
            -23.46275115955127
          ],
          [
            -46.78037537606087,
            -23.46211799209904
          ],
          [
            -46.78108554824667,
            -23.46122027634526
          ],
          [
            -46.78194321742195,
            -23.46014233919566
          ],
          [
            -46.78314541856713,
            -23.45849967157628
          ],
          [
            -46.78425626747912,
            -23.45708933048819
          ],
          [
            -46.78513962353244,
            -23.4558783792601
          ],
          [
            -46.78602823108022,
            -23.45447851882781
          ],
          [
            -46.78639951803496,
            -23.45366447802325
          ],
          [
            -46.78696854990628,
            -23.45110961109159
          ],
          [
            -46.78720539883998,
            -23.44983601858529
          ],
          [
            -46.78751016171283,
            -23.44813234800089
          ],
          [
            -46.78756379490272,
            -23.44667853293175
          ],
          [
            -46.78738424044145,
            -23.44561209056577
          ],
          [
            -46.78710365484832,
            -23.44452167732505
          ],
          [
            -46.78684382541231,
            -23.44324033862714
          ],
          [
            -46.78658354919656,
            -23.44218727958946
          ],
          [
            -46.78631860209238,
            -23.44074912047682
          ],
          [
            -46.78612108007407,
            -23.43974421776818
          ],
          [
            -46.78594953885744,
            -23.43811442955068
          ],
          [
            -46.78602405172171,
            -23.43743510803861
          ],
          [
            -46.78607963271267,
            -23.43674918859439
          ],
          [
            -46.78632711636087,
            -23.43499110251606
          ],
          [
            -46.78665090738073,
            -23.43279883074448
          ],
          [
            -46.78702078978377,
            -23.43040707939201
          ],
          [
            -46.78746746522621,
            -23.42764746906041
          ],
          [
            -46.78780345158857,
            -23.42563899817607
          ],
          [
            -46.78813416131444,
            -23.42495220922769
          ],
          [
            -46.78865685525801,
            -23.42414408103717
          ],
          [
            -46.78948650621236,
            -23.42337800597894
          ],
          [
            -46.79055052558023,
            -23.42268176649445
          ],
          [
            -46.79190401468498,
            -23.42202391154897
          ],
          [
            -46.79297507617053,
            -23.4213741777273
          ],
          [
            -46.79479064221538,
            -23.42055451446344
          ],
          [
            -46.79618399030421,
            -23.41988098187028
          ],
          [
            -46.7969157602353,
            -23.41936636221097
          ],
          [
            -46.79770756899631,
            -23.41906652561628
          ],
          [
            -46.79961973408323,
            -23.41791791865038
          ],
          [
            -46.80218356698974,
            -23.41651657498972
          ],
          [
            -46.80423596815814,
            -23.41534418300817
          ],
          [
            -46.80705323295382,
            -23.41385075405491
          ],
          [
            -46.80847836731425,
            -23.41286533320839
          ],
          [
            -46.80968873834489,
            -23.41187694466065
          ],
          [
            -46.81119096469593,
            -23.41103390033704
          ],
          [
            -46.81222928440813,
            -23.41071543072878
          ],
          [
            -46.81386182748852,
            -23.41056991920324
          ],
          [
            -46.81542921229954,
            -23.41050740556782
          ],
          [
            -46.81656255391108,
            -23.41045803751835
          ],
          [
            -46.81766346869221,
            -23.41040902069097
          ],
          [
            -46.81895137477089,
            -23.410122071892
          ],
          [
            -46.82024562559468,
            -23.40933022317805
          ],
          [
            -46.82187287238551,
            -23.40825279747703
          ],
          [
            -46.82328947229341,
            -23.40717277082801
          ],
          [
            -46.82454142479551,
            -23.40628935851375
          ],
          [
            -46.82589400033461,
            -23.40553805746455
          ],
          [
            -46.82669831079516,
            -23.40527812546003
          ],
          [
            -46.8281819618323,
            -23.40517757576209
          ],
          [
            -46.82959305582992,
            -23.40515913368666
          ],
          [
            -46.83094878245446,
            -23.40507218753102
          ],
          [
            -46.83236636863863,
            -23.40497944956087
          ],
          [
            -46.8335684507818,
            -23.4048287441645
          ],
          [
            -46.83449892544696,
            -23.40441696754445
          ],
          [
            -46.83555249928025,
            -23.40335256470259
          ],
          [
            -46.83665586806455,
            -23.40200674603435
          ],
          [
            -46.83697994246311,
            -23.40121814611191
          ],
          [
            -46.8370502259496,
            -23.40052736943864
          ],
          [
            -46.83685139328144,
            -23.39966296988786
          ],
          [
            -46.83658965629907,
            -23.39919312549254
          ],
          [
            -46.83612861785043,
            -23.39841821141551
          ],
          [
            -46.83576598295234,
            -23.39754955669263
          ],
          [
            -46.83561033845938,
            -23.39679429212995
          ],
          [
            -46.83557148376758,
            -23.3956146078014
          ],
          [
            -46.83544497284105,
            -23.39267694993137
          ],
          [
            -46.83545529549124,
            -23.39154682434091
          ],
          [
            -46.83553962556216,
            -23.39102934269091
          ],
          [
            -46.83572413682521,
            -23.39049073947119
          ],
          [
            -46.83625017827352,
            -23.38958263837556
          ],
          [
            -46.83720214361577,
            -23.38826955391924
          ],
          [
            -46.83787313214145,
            -23.38724441553899
          ],
          [
            -46.83831347512807,
            -23.38637436055796
          ],
          [
            -46.83848605282138,
            -23.3855890432427
          ],
          [
            -46.83847333764039,
            -23.38496658102212
          ],
          [
            -46.83840688223863,
            -23.38334084814046
          ],
          [
            -46.83832435342509,
            -23.38087533765525
          ],
          [
            -46.83844059344316,
            -23.37985905028408
          ],
          [
            -46.83888997312043,
            -23.37852284204793
          ],
          [
            -46.8394189833836,
            -23.37715610123368
          ],
          [
            -46.84022454372813,
            -23.37568898552812
          ],
          [
            -46.84083070459296,
            -23.37513828922201
          ],
          [
            -46.84189420182323,
            -23.37441381385709
          ],
          [
            -46.84339692959696,
            -23.37336403094758
          ],
          [
            -46.84398021708247,
            -23.37251201439279
          ],
          [
            -46.8442011814874,
            -23.37145344992264
          ],
          [
            -46.84445333980469,
            -23.37039979577158
          ],
          [
            -46.84480539984747,
            -23.36968604954919
          ],
          [
            -46.84522344710265,
            -23.36902460064272
          ],
          [
            -46.84557177386359,
            -23.36816003334508
          ],
          [
            -46.84584522710559,
            -23.36670035677113
          ],
          [
            -46.84614716933046,
            -23.36514330173053
          ],
          [
            -46.84639876970395,
            -23.36458114161405
          ],
          [
            -46.84682114559722,
            -23.36400600639346
          ],
          [
            -46.84731337046381,
            -23.3635035561317
          ],
          [
            -46.84784118132787,
            -23.36295380048404
          ],
          [
            -46.84820473034128,
            -23.36226263850355
          ],
          [
            -46.84841654654709,
            -23.361624346197
          ],
          [
            -46.84850642688604,
            -23.36080945453886
          ],
          [
            -46.84837783336069,
            -23.35968818347274
          ],
          [
            -46.84813338648621,
            -23.35780651148648
          ],
          [
            -46.84790087956718,
            -23.35545225533916
          ],
          [
            -46.847421141947,
            -23.35310935512921
          ],
          [
            -46.84683506159595,
            -23.35157423618011
          ],
          [
            -46.84617778349811,
            -23.35003338521654
          ],
          [
            -46.84523287913287,
            -23.34777389668041
          ],
          [
            -46.84450906921985,
            -23.34649991011316
          ],
          [
            -46.84407308907343,
            -23.34614166079021
          ],
          [
            -46.8432729970333,
            -23.34568614502945
          ],
          [
            -46.84222918182564,
            -23.34534658968969
          ],
          [
            -46.84094674955848,
            -23.34488863822145
          ],
          [
            -46.83955332109904,
            -23.34409682974302
          ],
          [
            -46.83876823049379,
            -23.34331148114064
          ],
          [
            -46.83779231726408,
            -23.34141953942151
          ],
          [
            -46.83697215991631,
            -23.33931978148922
          ],
          [
            -46.83641524757356,
            -23.33741020532953
          ],
          [
            -46.83652296770796,
            -23.33672596406734
          ],
          [
            -46.83674730244941,
            -23.3354139807277
          ],
          [
            -46.83775990273368,
            -23.33176388019907
          ],
          [
            -46.83826994743144,
            -23.33000638059678
          ],
          [
            -46.83878682090578,
            -23.32862058315574
          ],
          [
            -46.83901328892978,
            -23.32822521432361
          ],
          [
            -46.83925479014454,
            -23.32789101201483
          ],
          [
            -46.83988913525408,
            -23.32730567146253
          ],
          [
            -46.84099171629211,
            -23.32663921948501
          ],
          [
            -46.84214533171777,
            -23.32598676913065
          ],
          [
            -46.84320421715077,
            -23.32545184933738
          ],
          [
            -46.84323298969857,
            -23.32543250523992
          ],
          [
            -46.84424161535033,
            -23.32485787570169
          ],
          [
            -46.84611057632658,
            -23.32389552720524
          ],
          [
            -46.84744084857508,
            -23.32318214000609
          ],
          [
            -46.84749208542482,
            -23.32314923092894
          ],
          [
            -46.84817881294439,
            -23.32214559442095
          ],
          [
            -46.84847055443772,
            -23.32136609248154
          ],
          [
            -46.8486005764011,
            -23.3205614348372
          ],
          [
            -46.8489100406681,
            -23.31983198319504
          ],
          [
            -46.84926692727101,
            -23.31930546355935
          ],
          [
            -46.849926009727,
            -23.31883255758469
          ],
          [
            -46.85101336914292,
            -23.31828771292284
          ],
          [
            -46.85184790352401,
            -23.31787800082513
          ],
          [
            -46.85337506734443,
            -23.31705726638463
          ],
          [
            -46.85462655343691,
            -23.31627556339255
          ],
          [
            -46.85565693344565,
            -23.31567966643541
          ],
          [
            -46.85658083129249,
            -23.31512812407628
          ],
          [
            -46.85723467495362,
            -23.31460754733588
          ],
          [
            -46.85755485543504,
            -23.31413883086147
          ],
          [
            -46.85793053884764,
            -23.31338331484557
          ],
          [
            -46.8580606903006,
            -23.31271169391299
          ],
          [
            -46.85799568063977,
            -23.31176573671157
          ],
          [
            -46.85763981096442,
            -23.31096258119332
          ],
          [
            -46.85728564760864,
            -23.31040332071968
          ],
          [
            -46.85663749091292,
            -23.30961076431026
          ],
          [
            -46.85623230019642,
            -23.30897347503543
          ],
          [
            -46.85608603670004,
            -23.3085057013945
          ],
          [
            -46.8554916373201,
            -23.30591938545352
          ],
          [
            -46.85538116952015,
            -23.30473067560551
          ],
          [
            -46.85555872809979,
            -23.30399650422181
          ],
          [
            -46.85586449527862,
            -23.30324211883946
          ],
          [
            -46.85645807542446,
            -23.30259292120545
          ],
          [
            -46.85735686367113,
            -23.30195203946706
          ],
          [
            -46.85877453318329,
            -23.30097157069268
          ],
          [
            -46.85972632383087,
            -23.29983375253576
          ],
          [
            -46.86058462955882,
            -23.29878683730029
          ],
          [
            -46.86118740696734,
            -23.29822277056725
          ],
          [
            -46.86233559695762,
            -23.29758562817382
          ],
          [
            -46.86355449767015,
            -23.29701268324229
          ],
          [
            -46.8645931679298,
            -23.29608372086246
          ],
          [
            -46.86611401407773,
            -23.29417147804099
          ],
          [
            -46.86640628491034,
            -23.29357051225389
          ],
          [
            -46.86653468094642,
            -23.29277427864666
          ],
          [
            -46.86650252814002,
            -23.29218443018101
          ],
          [
            -46.86619154303143,
            -23.29055501137758
          ],
          [
            -46.86595727350658,
            -23.28934155145142
          ],
          [
            -46.86595155935656,
            -23.28867276057371
          ],
          [
            -46.86598600098124,
            -23.28831403976413
          ],
          [
            -46.8661905667837,
            -23.28767598325351
          ],
          [
            -46.86636179633835,
            -23.28728995468184
          ],
          [
            -46.86670875806596,
            -23.28673617158747
          ],
          [
            -46.86730067717146,
            -23.28612798073652
          ],
          [
            -46.86787210929735,
            -23.28576473767282
          ],
          [
            -46.86902247357079,
            -23.28517961266545
          ],
          [
            -46.86976830645929,
            -23.28493317480697
          ],
          [
            -46.86978757247747,
            -23.28493013205901
          ],
          [
            -46.87034673293227,
            -23.28462544933478
          ],
          [
            -46.87147410562658,
            -23.28412656469268
          ],
          [
            -46.87217771153522,
            -23.28352387331816
          ],
          [
            -46.87258411764476,
            -23.28270876121278
          ],
          [
            -46.87291767634263,
            -23.28174505025085
          ],
          [
            -46.87295606017121,
            -23.28129552771025
          ],
          [
            -46.87290996875814,
            -23.28081839931729
          ],
          [
            -46.87286683503384,
            -23.28040636700879
          ],
          [
            -46.87256646410064,
            -23.27923558710176
          ],
          [
            -46.87212764987933,
            -23.27765358522199
          ],
          [
            -46.8717841641543,
            -23.27666273903949
          ],
          [
            -46.87143381242288,
            -23.27615445836328
          ],
          [
            -46.87104399891984,
            -23.27560807578611
          ],
          [
            -46.86966013316547,
            -23.27404736029014
          ],
          [
            -46.86886268799249,
            -23.27291978089668
          ],
          [
            -46.86849167317053,
            -23.27216853221307
          ],
          [
            -46.8683160008249,
            -23.27158055668029
          ],
          [
            -46.86826362901352,
            -23.27085093747276
          ],
          [
            -46.86826428982066,
            -23.26989026379609
          ],
          [
            -46.86830214994095,
            -23.26776899857514
          ],
          [
            -46.86821151739473,
            -23.26715223703485
          ],
          [
            -46.86795525469682,
            -23.26633860511157
          ],
          [
            -46.86758495976337,
            -23.26563232465425
          ],
          [
            -46.86661161424382,
            -23.26366749287638
          ],
          [
            -46.86626507959105,
            -23.26239432685943
          ],
          [
            -46.86621386935414,
            -23.26150047061475
          ],
          [
            -46.86651599856017,
            -23.26031975415286
          ],
          [
            -46.86714770877205,
            -23.25832728793683
          ],
          [
            -46.8673290996306,
            -23.25724209070952
          ],
          [
            -46.86732095735427,
            -23.25584223644281
          ],
          [
            -46.86702557090415,
            -23.25450966808617
          ],
          [
            -46.86647597884537,
            -23.25292530222784
          ],
          [
            -46.8658468520509,
            -23.25090951213635
          ],
          [
            -46.86572868421041,
            -23.25001860699214
          ],
          [
            -46.86574865652868,
            -23.24928931083068
          ],
          [
            -46.86591843360568,
            -23.24856064046149
          ],
          [
            -46.86635339302268,
            -23.24729770614163
          ],
          [
            -46.86706917230113,
            -23.24606194022559
          ],
          [
            -46.86789429822193,
            -23.24419834538623
          ],
          [
            -46.86852069871669,
            -23.24290154769853
          ],
          [
            -46.86885393167497,
            -23.24188582538331
          ],
          [
            -46.86903115320898,
            -23.24052436927362
          ],
          [
            -46.86918308918656,
            -23.23916807428184
          ],
          [
            -46.86949970812613,
            -23.23773959592824
          ],
          [
            -46.87018329494648,
            -23.23608735671012
          ],
          [
            -46.87126419132368,
            -23.23396909147232
          ],
          [
            -46.8725486958825,
            -23.23145869512872
          ],
          [
            -46.87388958118972,
            -23.22898252761033
          ],
          [
            -46.8750239608662,
            -23.22684849397951
          ],
          [
            -46.87574640763334,
            -23.22545315372417
          ],
          [
            -46.87662753000348,
            -23.2242560319364
          ],
          [
            -46.87784889380504,
            -23.22279755947345
          ],
          [
            -46.87936527375298,
            -23.22113516257996
          ],
          [
            -46.88043704793351,
            -23.21988229026962
          ],
          [
            -46.88252277665716,
            -23.21755769437226
          ],
          [
            -46.88362651283446,
            -23.21647985529923
          ],
          [
            -46.88519788095562,
            -23.21513350486151
          ],
          [
            -46.88631251310424,
            -23.2144348701108
          ],
          [
            -46.88915034246641,
            -23.21264479532818
          ],
          [
            -46.89226962738994,
            -23.21069335913047
          ],
          [
            -46.89541146558815,
            -23.20881359183351
          ],
          [
            -46.89708695965511,
            -23.20770954825116
          ],
          [
            -46.89849410641273,
            -23.20664943380309
          ],
          [
            -46.89925526346198,
            -23.20585748113179
          ],
          [
            -46.89965765743955,
            -23.20538205754982
          ],
          [
            -46.8996761217486,
            -23.20535968550911
          ],
          [
            -46.90017566942886,
            -23.20470536564797
          ],
          [
            -46.90081735956205,
            -23.20387692536902
          ],
          [
            -46.90164050135911,
            -23.20255799685268
          ],
          [
            -46.90224788154304,
            -23.2012481227268
          ],
          [
            -46.90273943715712,
            -23.19991420858401
          ],
          [
            -46.90345418602844,
            -23.1978613295094
          ],
          [
            -46.90446178653837,
            -23.19513874609112
          ],
          [
            -46.90549804089325,
            -23.19224512490051
          ],
          [
            -46.90669828943192,
            -23.18895934050359
          ],
          [
            -46.9075161526242,
            -23.18671484716912
          ],
          [
            -46.90826625453099,
            -23.18525790423249
          ],
          [
            -46.90915913520422,
            -23.18387808421793
          ],
          [
            -46.91045380282589,
            -23.18220006924575
          ],
          [
            -46.9124508563359,
            -23.18010113643795
          ],
          [
            -46.9145551413455,
            -23.17834811024498
          ],
          [
            -46.91665984926161,
            -23.17673095463003
          ],
          [
            -46.91981885771072,
            -23.1742988446471
          ],
          [
            -46.92260360073644,
            -23.17217770826892
          ],
          [
            -46.92522543040839,
            -23.16994107523687
          ],
          [
            -46.92709038050049,
            -23.16791528228966
          ],
          [
            -46.92882335629344,
            -23.16544365976818
          ],
          [
            -46.93073061605515,
            -23.16231529679192
          ],
          [
            -46.93250848703192,
            -23.15931808124758
          ],
          [
            -46.93400733776221,
            -23.15666960678742
          ],
          [
            -46.93584083410707,
            -23.15245669916222
          ],
          [
            -46.936989926632,
            -23.14975782467774
          ],
          [
            -46.93871735607895,
            -23.14572901672213
          ],
          [
            -46.93982707117291,
            -23.14316783570418
          ],
          [
            -46.94047136124271,
            -23.1417820516936
          ],
          [
            -46.94126499657928,
            -23.14042490376944
          ],
          [
            -46.94241683039366,
            -23.13876023192217
          ],
          [
            -46.94374402664845,
            -23.13734325131898
          ],
          [
            -46.94377427430737,
            -23.13731451987026
          ],
          [
            -46.94473067842953,
            -23.13638165162626
          ],
          [
            -46.94708220542537,
            -23.13399617881862
          ],
          [
            -46.94912378868279,
            -23.13193166023999
          ],
          [
            -46.95087927216269,
            -23.12991919299819
          ],
          [
            -46.95124683220327,
            -23.12937113480677
          ],
          [
            -46.95190157432047,
            -23.12833212164471
          ],
          [
            -46.95240851331107,
            -23.12737550266246
          ],
          [
            -46.95318083405923,
            -23.12587208260951
          ],
          [
            -46.95372267079393,
            -23.12434907601568
          ],
          [
            -46.95408095150531,
            -23.12291012634136
          ],
          [
            -46.95484067908042,
            -23.12018593089002
          ],
          [
            -46.95587597420107,
            -23.11706764177469
          ],
          [
            -46.95659114535739,
            -23.11531311666899
          ],
          [
            -46.95750618250483,
            -23.11367944501824
          ],
          [
            -46.95881394091587,
            -23.1114619288742
          ],
          [
            -46.95994048914406,
            -23.10968335614419
          ],
          [
            -46.96194367494343,
            -23.1066690205097
          ],
          [
            -46.96485039727218,
            -23.10218034880133
          ],
          [
            -46.96711756582449,
            -23.09895954444205
          ],
          [
            -46.96879623582782,
            -23.09635228572812
          ],
          [
            -46.97100600981566,
            -23.09306371040659
          ],
          [
            -46.97447061829863,
            -23.08777452142806
          ],
          [
            -46.97555636311573,
            -23.08611513841011
          ],
          [
            -46.97842537021045,
            -23.08182964970631
          ],
          [
            -46.98001197553508,
            -23.07952015030178
          ],
          [
            -46.98218458146678,
            -23.07664027228309
          ],
          [
            -46.98762356519951,
            -23.06938274159081
          ],
          [
            -46.99281265784411,
            -23.06255438435408
          ],
          [
            -46.99761675687002,
            -23.05611723324859
          ],
          [
            -46.99873519963119,
            -23.05455716822316
          ],
          [
            -47.0016071229018,
            -23.05006398600521
          ],
          [
            -47.00374490738081,
            -23.04655522897687
          ],
          [
            -47.00799794515647,
            -23.03986077361948
          ],
          [
            -47.00936757247915,
            -23.03732111026917
          ],
          [
            -47.01060275087565,
            -23.03423508078081
          ],
          [
            -47.0114926422279,
            -23.03161729605384
          ],
          [
            -47.01257328037615,
            -23.02957002746509
          ],
          [
            -47.01389325459737,
            -23.02753532899326
          ],
          [
            -47.01705386211305,
            -23.02259872003938
          ],
          [
            -47.01932165823411,
            -23.01900218599958
          ],
          [
            -47.0231260713817,
            -23.01298431045939
          ],
          [
            -47.02677538674295,
            -23.00717531059169
          ],
          [
            -47.03029139220386,
            -23.00173914761208
          ],
          [
            -47.03281946070616,
            -22.99810385853478
          ],
          [
            -47.03836549257054,
            -22.99015676775945
          ],
          [
            -47.04310685740346,
            -22.98340681124066
          ],
          [
            -47.04446150530512,
            -22.98152024752319
          ],
          [
            -47.04659547415555,
            -22.97792242205579
          ],
          [
            -47.04894788200136,
            -22.97372020776527
          ],
          [
            -47.05375301657746,
            -22.96529815523196
          ],
          [
            -47.05768334483026,
            -22.9584037129859
          ],
          [
            -47.06004103256475,
            -22.95418512767383
          ],
          [
            -47.06370267726417,
            -22.94771201627361
          ],
          [
            -47.06659442146928,
            -22.94264721109797
          ],
          [
            -47.0693470536871,
            -22.93787279508336
          ],
          [
            -47.07053936910465,
            -22.93594247217385
          ],
          [
            -47.07172414274763,
            -22.93440628108778
          ],
          [
            -47.07462340223853,
            -22.93240932935531
          ],
          [
            -47.07692896693518,
            -22.93105763533189
          ],
          [
            -47.08234216958123,
            -22.92762277589077
          ],
          [
            -47.08867804259671,
            -22.9237496933835
          ],
          [
            -47.09159392336093,
            -22.92188697529406
          ],
          [
            -47.09284042122399,
            -22.92091296692467
          ],
          [
            -47.09385079797553,
            -22.92002752809053
          ],
          [
            -47.09639112712896,
            -22.91709185363009
          ],
          [
            -47.09959728422012,
            -22.91355991759607
          ],
          [
            -47.10261363816018,
            -22.90995960461506
          ],
          [
            -47.10760389846469,
            -22.90435374843998
          ],
          [
            -47.10831316138582,
            -22.90330528465857
          ],
          [
            -47.10881335187898,
            -22.9021972390112
          ],
          [
            -47.10924259362709,
            -22.90094440438664
          ],
          [
            -47.10972896614326,
            -22.89934273583554
          ],
          [
            -47.1102663347641,
            -22.89753312421408
          ],
          [
            -47.1110581190161,
            -22.89499036971582
          ],
          [
            -47.11209535300616,
            -22.89133224725084
          ],
          [
            -47.11290964227042,
            -22.8885891868161
          ],
          [
            -47.11382686394806,
            -22.88611614514154
          ],
          [
            -47.11473026306043,
            -22.88429179121501
          ],
          [
            -47.11589763174392,
            -22.88252144446443
          ],
          [
            -47.11733716486746,
            -22.88062271663076
          ],
          [
            -47.11883522235849,
            -22.87904175739149
          ],
          [
            -47.1236756944611,
            -22.87480294655828
          ],
          [
            -47.12754338153648,
            -22.87142507734971
          ],
          [
            -47.13074603470461,
            -22.8686087421777
          ],
          [
            -47.13268719386419,
            -22.86666674352926
          ],
          [
            -47.13434185224438,
            -22.86507147469232
          ],
          [
            -47.13629543898396,
            -22.86387453738892
          ],
          [
            -47.13953321797609,
            -22.86203668479702
          ],
          [
            -47.14266199006367,
            -22.86020674058887
          ],
          [
            -47.14642900046636,
            -22.85801556426817
          ],
          [
            -47.1488478935614,
            -22.85664213996808
          ],
          [
            -47.15164426797352,
            -22.85499594690512
          ],
          [
            -47.15514187253613,
            -22.85275831676999
          ],
          [
            -47.15897211045898,
            -22.85030377525807
          ],
          [
            -47.16073036893869,
            -22.84919221723692
          ],
          [
            -47.16291659209186,
            -22.84750254277552
          ],
          [
            -47.16410988385299,
            -22.84642510572338
          ],
          [
            -47.16580709220325,
            -22.84468516968388
          ],
          [
            -47.16774635641368,
            -22.84262717310089
          ],
          [
            -47.17191829630174,
            -22.83824083525815
          ],
          [
            -47.1757180045214,
            -22.83417241180839
          ],
          [
            -47.17810120793269,
            -22.8316796191926
          ],
          [
            -47.17966329897495,
            -22.83020753387757
          ],
          [
            -47.18128244834505,
            -22.82895602197736
          ],
          [
            -47.18270562068781,
            -22.8279891820675
          ],
          [
            -47.18540438995944,
            -22.82649122025632
          ],
          [
            -47.18843526082403,
            -22.82488873202787
          ],
          [
            -47.19135841214633,
            -22.82339247389341
          ],
          [
            -47.20195694201668,
            -22.81764951839788
          ],
          [
            -47.20611806341676,
            -22.81546036558496
          ],
          [
            -47.20860919203004,
            -22.81402789904556
          ],
          [
            -47.21049944769351,
            -22.81259047279405
          ],
          [
            -47.21234409009817,
            -22.81112408213454
          ],
          [
            -47.21427963971506,
            -22.80923884889595
          ],
          [
            -47.21943279149813,
            -22.80385058625546
          ],
          [
            -47.22102067213352,
            -22.80204193697286
          ],
          [
            -47.22220606520668,
            -22.80015035912381
          ],
          [
            -47.22530215727473,
            -22.7939200942533
          ],
          [
            -47.22820547700864,
            -22.78812489988287
          ],
          [
            -47.23154722092975,
            -22.78150533937947
          ],
          [
            -47.23406470843291,
            -22.77651174391157
          ],
          [
            -47.23493336169891,
            -22.77485712218934
          ],
          [
            -47.23583213790922,
            -22.77345868691853
          ],
          [
            -47.23671187040465,
            -22.77249239535507
          ],
          [
            -47.23867037840831,
            -22.77082237527185
          ],
          [
            -47.24208496160405,
            -22.76809711618032
          ],
          [
            -47.24651325361107,
            -22.76445061731393
          ],
          [
            -47.24903214162925,
            -22.76212494103667
          ],
          [
            -47.25996936142248,
            -22.75162678367998
          ],
          [
            -47.26705271172884,
            -22.74479803811592
          ],
          [
            -47.26941400179904,
            -22.74257363568815
          ],
          [
            -47.27135284857201,
            -22.74106900488617
          ],
          [
            -47.27248486288314,
            -22.74034945983003
          ],
          [
            -47.27481853149386,
            -22.73917972549914
          ],
          [
            -47.28392712926527,
            -22.73492057857407
          ],
          [
            -47.28743511791967,
            -22.73325140200546
          ],
          [
            -47.28907894364734,
            -22.73217958614947
          ],
          [
            -47.29031891266404,
            -22.7310230293937
          ],
          [
            -47.29107577955855,
            -22.73005287564061
          ],
          [
            -47.29179804722598,
            -22.7288223548346
          ],
          [
            -47.29242065257169,
            -22.72678487505784
          ],
          [
            -47.29422328950638,
            -22.72098647121275
          ],
          [
            -47.2955561829227,
            -22.71676214221688
          ],
          [
            -47.29661581465482,
            -22.71352248023134
          ],
          [
            -47.29694705805566,
            -22.71268177823988
          ],
          [
            -47.29785187109548,
            -22.71103160781988
          ],
          [
            -47.29881462002598,
            -22.70958441619675
          ],
          [
            -47.2996261328494,
            -22.70853772525827
          ],
          [
            -47.30177567556596,
            -22.70597209804592
          ],
          [
            -47.30572586745055,
            -22.70121883200908
          ],
          [
            -47.30926561981006,
            -22.69693915808442
          ],
          [
            -47.30995667611053,
            -22.69590690304007
          ],
          [
            -47.31061160124818,
            -22.69443767710362
          ],
          [
            -47.31097992897061,
            -22.69289380516448
          ],
          [
            -47.31101844432278,
            -22.69134089804646
          ],
          [
            -47.31072337196223,
            -22.68755190194744
          ],
          [
            -47.31063466588549,
            -22.68424111867674
          ],
          [
            -47.31070317288029,
            -22.68115639838091
          ],
          [
            -47.31076961228013,
            -22.67894155821381
          ],
          [
            -47.31095420230794,
            -22.67581134388909
          ],
          [
            -47.31123244574287,
            -22.67456265971412
          ],
          [
            -47.31169236645524,
            -22.67336652492589
          ],
          [
            -47.31220243647684,
            -22.67244555094578
          ],
          [
            -47.31534229989592,
            -22.66787761994711
          ],
          [
            -47.31891033198719,
            -22.6626404534704
          ],
          [
            -47.31958762576882,
            -22.6615703373109
          ],
          [
            -47.32341184273559,
            -22.65427735906639
          ],
          [
            -47.32414617012174,
            -22.65250540410526
          ],
          [
            -47.32500350366232,
            -22.65041367590708
          ],
          [
            -47.32612599346352,
            -22.64754935077634
          ],
          [
            -47.32732556144844,
            -22.64373346001153
          ],
          [
            -47.32798756493968,
            -22.64152694634215
          ],
          [
            -47.32841204870908,
            -22.64057607385386
          ],
          [
            -47.32929137728703,
            -22.63918191582573
          ],
          [
            -47.33066140951701,
            -22.63747693039771
          ],
          [
            -47.33239546224711,
            -22.63545015251438
          ],
          [
            -47.33452672277461,
            -22.63284985341953
          ],
          [
            -47.33746194695831,
            -22.62978706221878
          ],
          [
            -47.34172584530311,
            -22.62527290429012
          ],
          [
            -47.34640577108673,
            -22.62034778388095
          ],
          [
            -47.35100038622135,
            -22.61540421478832
          ],
          [
            -47.35332135992256,
            -22.61294672916056
          ],
          [
            -47.35440628227639,
            -22.61200538023148
          ],
          [
            -47.3558814250615,
            -22.61112992379786
          ],
          [
            -47.35890405808751,
            -22.60951348370569
          ],
          [
            -47.3597984067702,
            -22.60892492463705
          ],
          [
            -47.36063451955607,
            -22.60813816446465
          ],
          [
            -47.36121977032998,
            -22.60718481468617
          ],
          [
            -47.36259926064166,
            -22.60379848414588
          ],
          [
            -47.3647932669506,
            -22.59789260271232
          ],
          [
            -47.36676755592553,
            -22.5927992944591
          ],
          [
            -47.36719394421203,
            -22.59162575037057
          ],
          [
            -47.36744369305772,
            -22.59039616361419
          ],
          [
            -47.36752584996687,
            -22.58886909523047
          ],
          [
            -47.36741597332473,
            -22.58718150175429
          ],
          [
            -47.3672950275898,
            -22.58517671822442
          ],
          [
            -47.36671013107896,
            -22.57802456416971
          ],
          [
            -47.36653861476434,
            -22.57571354604178
          ],
          [
            -47.36621933110491,
            -22.57219383229184
          ],
          [
            -47.36588135871749,
            -22.56792762631228
          ],
          [
            -47.36576001495626,
            -22.56628318355952
          ],
          [
            -47.36568722560727,
            -22.56506353343626
          ],
          [
            -47.36576519205339,
            -22.56343777272859
          ],
          [
            -47.36599631459385,
            -22.56200616018168
          ],
          [
            -47.3664599113777,
            -22.56025719324601
          ],
          [
            -47.36689915470128,
            -22.5590619978577
          ],
          [
            -47.36764731524817,
            -22.55759246199074
          ],
          [
            -47.36832046707151,
            -22.55647339532068
          ],
          [
            -47.37207980568167,
            -22.55105955154384
          ],
          [
            -47.37436277604764,
            -22.54773698703701
          ],
          [
            -47.37583593846125,
            -22.54558424130943
          ],
          [
            -47.37970360153777,
            -22.54000881316583
          ],
          [
            -47.38615250622586,
            -22.53060505382541
          ],
          [
            -47.38979121971056,
            -22.52534293426507
          ],
          [
            -47.39171722205258,
            -22.52248894222389
          ],
          [
            -47.39241606968923,
            -22.52124988498559
          ],
          [
            -47.39349955335332,
            -22.51890916074424
          ],
          [
            -47.3945848532086,
            -22.51569481650586
          ],
          [
            -47.39584298592053,
            -22.51257029238686
          ],
          [
            -47.39716910934702,
            -22.50961380275623
          ],
          [
            -47.39831236196569,
            -22.50700264792821
          ],
          [
            -47.39904595873137,
            -22.50525786527465
          ],
          [
            -47.39935048491274,
            -22.50416405318797
          ],
          [
            -47.39945339867695,
            -22.50234616892682
          ],
          [
            -47.39934181721684,
            -22.50004061945589
          ],
          [
            -47.39922213253153,
            -22.49434241447713
          ],
          [
            -47.39916970627326,
            -22.48885986572168
          ],
          [
            -47.3990821250232,
            -22.48174974236202
          ],
          [
            -47.39901936610693,
            -22.47767616417476
          ],
          [
            -47.39895176209532,
            -22.47258910546815
          ],
          [
            -47.39883343621523,
            -22.46724669467389
          ],
          [
            -47.3987978538403,
            -22.46081275775888
          ],
          [
            -47.39877665897192,
            -22.45595744385387
          ]
        ]
      },
      "properties": {
        "concessionaria": "AutoBAn",
        "rodovia": "SP-330",
        "nome": "Rodovia Anhanguera",
        "nome_kmz": "SP 330",
        "descricao_kmz": "SP_330\nKm_011+460"
      }
    }
  ]
}